date,sentiment,daily_pnl
2023-05-01,Greed,0
2023-12-14,Greed,-205.43471336364746
2023-12-15,Greed,-24.632034301757812
2023-12-16,Greed,0
2023-12-17,Greed,304.982787437737
2023-12-18,Greed,0
2023-12-19,Greed,1000.5385966300964
2023-12-20,Greed,162.73228693008423
2023-12-21,Greed,537.2113958001137
2023-12-22,Greed,141.83267498016357
2023-12-23,Greed,146.9367037564516
2023-12-24,Greed,1008.619965339778
2023-12-25,Greed,-245.0813446044922
2023-12-27,Greed,-704.8892197608948
2023-12-28,Greed,-970.7308826446533
2023-12-29,Greed,508.9221473187208
2023-12-30,Greed,354.9986418373883
2024-01-01,Greed,-129.53146171569824
2024-01-02,Greed,783.9791216850281
2024-01-03,Greed,866.0155061651021
2024-01-04,Greed,-67.60363645106554
2024-01-05,Greed,164.14157305657864
2024-01-06,Greed,135.5816653035581
2024-01-07,Greed,-835.6812361711636
2024-01-08,Greed,-269.8744529533433
2024-01-10,Greed,-1517.0913339488907
2024-01-12,Greed,-1925.5190887451172
2024-01-16,Greed,-3238.800048828125
2024-01-16,Greed,939.6285667419434
2024-01-17,Greed,813.2741087721661
2024-01-18,Greed,68.93317824974656
2024-01-21,Greed,266.5811586380005
2024-01-22,Greed,1166.2488008177606
2024-01-22,Greed,209.39216336607933
2024-01-29,Greed,1.715440034866333
2024-01-29,Greed,484.8471106343204
2024-01-30,Greed,-173.65418910235167
2024-01-31,Greed,-799.8408532594331
2024-02-01,Greed,0
2024-02-02,Greed,456.42347654979676
2024-02-03,Greed,223.30919679813087
2024-02-04,Greed,47.62389616109431
2024-02-05,Greed,-33.454186003655195
2024-02-06,Greed,-215.61591686774045
2024-02-07,Greed,241.24211502075195
2024-02-08,Greed,770.7560319900513
2024-02-11,Greed,983.4431332885288
2024-02-12,Greed,913.8818520307541
2024-02-14,Greed,3639.3031344320625
2024-02-14,Greed,191.2966651916504
2024-02-15,Greed,1024.7072817087173
2024-02-15,Greed,816.0903034210205
2024-02-16,Greed,5491.7687677145
2024-02-16,Greed,0
2024-02-18,Greed,477.6248458623886
2024-02-20,Greed,3053.313531407155
2024-02-20,Greed,210.31529808044434
2024-02-22,Greed,3894.10512644166
2024-02-22,Greed,0
2024-02-25,Greed,-30.770499229431152
2024-02-26,Greed,4416.847257971764
2024-02-26,Greed,0
2024-03-20,Greed,2593.1476404070854
2024-03-20,Greed,3829.9869689941406
2024-03-24,Greed,1297.0184888839722
2024-04-03,Greed,126.78839874267578
2024-04-03,Greed,0
2024-04-04,Greed,0
2024-04-13,Greed,0
2024-04-13,Greed,6621.45183634758
2024-04-14,Greed,-36565.985975027084
2024-04-14,Greed,461.97292918362655
2024-04-15,Greed,0
2024-04-15,Greed,3774.0887347441167
2024-04-16,Greed,0
2024-04-16,Greed,2467.702218413353
2024-04-17,Greed,2441.468433380127
2024-04-19,Greed,1946.4454263746738
2024-04-20,Greed,0
2024-04-20,Greed,0
2024-04-22,Greed,0
2024-04-23,Greed,759.2148195132613
2024-04-23,Greed,360.32137298583984
2024-04-24,Greed,279.18590772151947
2024-04-25,Greed,0
2024-04-25,Greed,0
2024-04-26,Greed,0
2024-04-27,Greed,4281.488065242767
2024-04-28,Greed,0
2024-04-28,Greed,0
2024-04-29,Greed,526.9338384866714
2024-04-29,Greed,0
2024-04-30,Greed,0
2024-05-04,Greed,0
2024-05-04,Greed,0
2024-05-05,Greed,0
2024-05-05,Greed,0.9160000085830688
2024-05-06,Greed,968.5903940200806
2024-05-07,Greed,656.2170391082764
2024-05-07,Greed,0
2024-05-07,Greed,227.32064819335938
2024-05-08,Greed,0
2024-05-08,Greed,1.5657598972320557
2024-05-09,Greed,1147.5958444476128
2024-05-09,Greed,0
2024-05-10,Greed,2101.741683959961
2024-05-12,Greed,0
2024-05-12,Greed,0
2024-05-13,Greed,2136.853846549988
2024-05-13,Greed,0
2024-05-14,Greed,1150.5233116149902
2024-05-15,Greed,948.9705748558044
2024-05-16,Greed,214.58979845046997
2024-05-16,Greed,0
2024-05-18,Greed,3522.394647810608
2024-05-19,Greed,0
2024-05-20,Greed,0
2024-05-20,Greed,-74.8184404373169
2024-05-24,Greed,821.9492797851562
2024-05-27,Greed,1129.3558690361679
2024-05-29,Greed,0
2024-05-29,Greed,277.79195097391494
2024-05-30,Greed,20.95143300294876
2024-05-31,Greed,25.35811984539032
2024-06-01,Greed,91.51041896641254
2024-06-02,Greed,192.90694695711136
2024-06-03,Greed,562.8082000017166
2024-06-04,Greed,52.21143753826618
2024-06-08,Greed,0
2024-06-08,Greed,129.1388407945633
2024-06-10,Greed,0
2024-06-10,Greed,31.266805010847747
2024-06-11,Greed,0
2024-06-11,Greed,51.081141978502274
2024-06-11,Greed,4269.550733089447
2024-06-12,Greed,-21886.531361795962
2024-06-12,Greed,0
2024-06-13,Greed,-1.4030400514602661
2024-06-13,Greed,6634.160149812698
2024-06-14,Greed,0
2024-06-14,Greed,10258.59254360199
2024-06-15,Greed,2084.433900117874
2024-06-15,Greed,1285.5244598388672
2024-06-16,Greed,0
2024-06-17,Greed,1268.7590446472168
2024-06-17,Greed,9330.743281841278
2024-06-18,Greed,0
2024-06-18,Greed,282.576358795166
2024-06-19,Greed,0
2024-06-19,Greed,2053.973673313856
2024-06-19,Greed,2833.6832659244537
2024-06-20,Greed,57478.45568847656
2024-06-20,Greed,0
2024-06-20,Greed,0
2024-06-21,Greed,773.5582122802734
2024-06-21,Greed,0
2024-06-23,Greed,0
2024-06-25,Fear,4869.353136062622
2024-06-27,Fear,0
2024-06-27,Fear,0
2024-06-29,Fear,1842.7383522987366
2024-06-29,Fear,4307.587802886963
2024-07-04,Fear,0
2024-07-04,Fear,0
2024-07-05,Fear,0
2024-07-05,Fear,0
2024-07-06,Fear,108.87217712402344
2024-07-07,Fear,61.42894220352173
2024-07-08,Fear,0
2024-07-09,Fear,648.9844086170197
2024-07-10,Fear,11595.627122879028
2024-07-10,Fear,382.1078770160675
2024-07-11,Fear,1876.8120651245117
2024-07-12,Fear,0
2024-07-12,Fear,1412.3146781921387
2024-07-13,Fear,2678.839370727539
2024-07-13,Fear,234.77846240997314
2024-07-14,Fear,0
2024-07-16,Greed,0
2024-07-17,Greed,0
2024-07-17,Greed,1859.2694754434924
2024-07-17,Greed,0
2024-07-18,Greed,2569.9799728393555
2024-07-18,Greed,1233.9043636322021
2024-07-19,Greed,2120.0913524627686
2024-07-19,Greed,35.79975128173828
2024-07-20,Greed,129.6613006591797
2024-07-20,Greed,2169.5082981437445
2024-07-21,Greed,0
2024-07-21,Greed,-2960.7168914079666
2024-07-22,Greed,2273.293034553528
2024-07-22,Greed,-756.1731355153024
2024-07-23,Greed,88084.99164676666
2024-07-23,Greed,0
2024-07-23,Greed,1805.309859648347
2024-07-24,Greed,0
2024-07-24,Greed,0
2024-07-24,Greed,0
2024-07-24,Greed,625.5614807605743
2024-07-24,Greed,0
2024-07-25,Greed,0
2024-07-25,Greed,0
2024-07-25,Greed,916.7382593154907
2024-07-26,Greed,0
2024-07-26,Greed,0
2024-07-26,Greed,341.25012042187154
2024-07-26,Greed,2425.2629835009575
2024-07-27,Greed,6400.62364757061
2024-07-27,Greed,0
2024-07-28,Greed,0
2024-07-28,Greed,587.2990334033966
2024-07-29,Greed,217.85753083229065
2024-07-29,Greed,112.94692516326904
2024-07-30,Greed,0
2024-07-31,Greed,0
2024-07-31,Greed,765.6908872723579
2024-08-02,Greed,0
2024-08-02,Greed,228.2477004379034
2024-08-02,Greed,554.1205081939697
2024-08-03,Fear,0
2024-08-03,Fear,0
2024-08-03,Fear,464.189697265625
2024-08-03,Fear,0
2024-08-03,Fear,0
2024-08-04,Fear,0
2024-08-04,Fear,-108604.49595338106
2024-08-04,Fear,109.0058126449585
2024-08-04,Fear,-14176.510498046875
2024-08-04,Fear,0
2024-08-05,Fear,-4779.218933105469
2024-08-05,Fear,160.44370079040527
2024-08-05,Fear,0
2024-08-05,Fear,-8394.890017315745
2024-08-07,Fear,0
2024-08-07,Fear,0
2024-08-07,Fear,188.78925305604935
2024-08-10,Fear,0
2024-08-10,Fear,0
2024-08-11,Fear,847.776611328125
2024-08-11,Fear,0
2024-08-12,Fear,0
2024-08-12,Fear,858.6704839468002
2024-08-12,Fear,0
2024-08-13,Fear,0
2024-08-13,Fear,0
2024-08-13,Fear,212.0810191631317
2024-08-14,Fear,0
2024-08-14,Fear,2168.901470184326
2024-08-14,Fear,0
2024-08-15,Fear,0
2024-08-16,Fear,0
2024-08-16,Fear,825.2305603027344
2024-08-17,Fear,0
2024-08-17,Fear,-288.2831115722656
2024-08-18,Fear,307.2018887475133
2024-08-18,Fear,0
2024-08-19,Fear,339.6995825767517
2024-08-20,Fear,192.60284423828125
2024-08-20,Fear,0
2024-08-21,Fear,656.2009209766984
2024-08-21,Fear,0
2024-08-23,Fear,1005.3052635192871
2024-08-24,Greed,0
2024-08-24,Greed,0
2024-08-26,Greed,231.2369155883789
2024-08-26,Greed,0
2024-08-28,Fear,0
2024-08-28,Fear,1333.3596801757812
2024-08-29,Fear,0
2024-08-30,Fear,0
2024-08-30,Fear,0
2024-08-30,Fear,0
2024-08-30,Fear,256.4639892578125
2024-08-31,Fear,0
2024-08-31,Fear,10.882800877094269
2024-08-31,Fear,0
2024-09-01,Fear,137.43309116363525
2024-09-02,Fear,0
2024-09-04,Fear,0
2024-09-04,Fear,1065.7850036621094
2024-09-05,Fear,0
2024-09-08,Fear,0
2024-09-09,Fear,0
2024-09-10,Fear,-219.7296600341797
2024-09-10,Fear,0
2024-09-11,Fear,0
2024-09-25,Greed,0
2024-09-25,Greed,0
2024-09-27,Greed,0
2024-09-27,Greed,0
2024-09-28,Greed,0
2024-09-30,Greed,2710.6262817382812
2024-09-30,Greed,0
2024-10-02,Fear,0
2024-10-03,Fear,100.37578105926514
2024-10-03,Fear,0
2024-10-04,Fear,0
2024-10-10,Fear,0
2024-10-11,Fear,0
2024-10-11,Fear,8885.327645301819
2024-10-15,Greed,1170.2260580062866
2024-10-16,Greed,219.4808807373047
2024-10-17,Greed,36.11496067047119
2024-10-17,Greed,0
2024-10-18,Greed,333.2191380262375
2024-10-19,Greed,0
2024-10-20,Greed,229.06052112579346
2024-10-20,Greed,160.09527206420898
2024-10-21,Greed,0
2024-10-21,Greed,2464.915579892695
2024-10-22,Greed,0
2024-10-23,Greed,-46.48994064331055
2024-10-25,Greed,4543.862152099609
2024-10-25,Greed,8691.999932289124
2024-10-27,Greed,666.6622791290283
2024-10-28,Greed,0
2024-10-28,Greed,167.2801582813263
2024-10-29,Greed,0
2024-10-29,Greed,801.1708908081055
2024-11-02,Greed,0
2024-11-03,Greed,0
2024-11-03,Greed,0
2024-11-04,Greed,540.059112071991
2024-11-04,Greed,2259.3513584136963
2024-11-05,Greed,678.4759311676025
2024-11-06,Greed,-3.411190003156662
2024-11-06,Greed,2821.2484169006348
2024-12-06,Greed,-175610.9959948063
2024-12-06,Greed,0
2024-12-06,Greed,389.1762270927429
2024-12-06,Greed,-123.87012076377869
2024-12-06,Greed,0
2024-12-06,Greed,0
2024-12-06,Greed,514.8864497542381
2024-12-06,Greed,7206.315352551639
2024-12-06,Greed,0
2024-12-06,Greed,74999.84901237488
2024-12-11,Greed,1582.0011223312467
2024-12-11,Greed,8544.685522079468
2024-12-11,Greed,3721.3456420898438
2024-12-11,Greed,1157.6894880346954
2024-12-11,Greed,1083.777055978775
2024-12-11,Greed,698.0097160339355
2024-12-11,Greed,1567.4027453660965
2024-12-11,Greed,994.2389795780182
2024-12-11,Greed,39.77050018310547
2024-12-11,Greed,274998.9409427643
2024-12-11,Greed,0
2024-12-11,Greed,24663.690990574658
2024-12-20,Greed,1245.518511414528
2024-12-20,Greed,7812.716379016638
2024-12-20,Greed,305.55784356594086
2024-12-20,Greed,22.802719116210938
2024-12-20,Greed,1676.302762337029
2024-12-20,Greed,6049.693867892027
2024-12-20,Greed,53635.52971744537
2024-12-20,Greed,0
2024-12-20,Greed,0
2024-12-20,Greed,3509.2734291846864
2024-12-20,Greed,5930.482963114977
2024-12-20,Greed,23353.626178741455
2024-12-20,Greed,0
2024-12-20,Greed,11799.67992591858
2024-12-20,Greed,139628.47617687285
2024-12-21,Greed,7465.899925529957
2024-12-21,Greed,7454.276402264833
2024-12-21,Greed,1367.500169109553
2024-12-21,Greed,27649.187206864357
2024-12-21,Greed,24.404600381851196
2024-12-21,Greed,2600.050249896478
2024-12-21,Greed,0
2024-12-21,Greed,103460.84480680525
2024-12-22,Greed,1174.0255284309387
2024-12-22,Greed,1063.8543579671532
2024-12-22,Greed,0
2024-12-22,Greed,327545.99987983704
2024-12-22,Greed,0
2024-12-22,Greed,0
2024-12-22,Greed,2718.9821830391884
2024-12-22,Greed,19694.30191642046
2024-12-23,Greed,122.88999703526497
2024-12-23,Greed,6.476292014122009
2024-12-23,Greed,12082.949462890625
2024-12-23,Greed,4704.442060902715
2024-12-23,Greed,0
2024-12-23,Greed,0
2024-12-23,Greed,657.6935686916113
2024-12-23,Greed,0
2024-12-23,Greed,8639.369891166687
2024-12-23,Greed,0
2024-12-23,Greed,0
2024-12-23,Greed,20549.813328146935
2024-12-23,Greed,0
2024-12-23,Greed,-76194.26210483885
2024-12-24,Greed,1555.956439614296
2024-12-24,Greed,343.6333599090576
2024-12-24,Greed,14849.788764953613
2024-12-24,Greed,0
2024-12-24,Greed,1506.9892492480576
2024-12-24,Greed,2081.267444074154
2024-12-24,Greed,0
2024-12-24,Greed,3.430000066757202
2024-12-24,Greed,0
2024-12-24,Greed,0
2024-12-24,Greed,-5527.285238254815
2024-12-25,Greed,1530.9193775057793
2024-12-25,Greed,271.2468099594116
2024-12-25,Greed,0
2024-12-25,Greed,0
2024-12-25,Greed,14.215240001678467
2024-12-25,Greed,-1059.7243461608887
2024-12-27,Greed,388.3660200610757
2024-12-27,Greed,1473.245076060295
2024-12-27,Greed,357.34671688079834
2024-12-27,Greed,0
2024-12-27,Greed,0
2024-12-27,Greed,453.8532165288925
2024-12-27,Greed,0
2024-12-28,Greed,506.51255667209625
2024-12-28,Greed,0
2024-12-28,Greed,74.15674421191216
2024-12-28,Greed,16.972941637039185
2024-12-28,Greed,0
2024-12-28,Greed,343.0921325683594
2024-12-28,Greed,-0.060760000720620155
2024-12-29,Greed,115.51218217611313
2024-12-29,Greed,1609.6792040653527
2024-12-29,Greed,390.06205797195435
2024-12-29,Greed,0
2024-12-29,Greed,0
2024-12-29,Greed,768.8144378662109
2024-12-29,Greed,0
2024-12-30,Greed,255.80831129848957
2024-12-30,Greed,0.19908000528812408
2024-12-30,Greed,240.74915405362844
2024-12-30,Greed,2227.186565876007
2024-12-30,Greed,4235.298768043518
2024-12-30,Greed,0
2024-12-30,Greed,838.9844551086426
2024-12-30,Greed,1211.5118474960327
2024-12-30,Greed,0
2024-12-31,Greed,496.22179672122
2024-12-31,Greed,2243.319780111313
2024-12-31,Greed,97.68816854059696
2024-12-31,Greed,2301.219512939453
2024-12-31,Greed,0
2024-12-31,Greed,306.5635299682617
2025-01-01,Greed,109.82693898677826
2025-01-01,Greed,-9655.677069038153
2025-01-01,Greed,17.784696102142334
2025-01-01,Greed,0
2025-01-01,Greed,0
2025-01-01,Greed,0
2025-01-02,Greed,416.5466909855604
2025-01-02,Greed,677.2767614424229
2025-01-02,Greed,2399.9471637010574
2025-01-02,Greed,0
2025-01-02,Greed,3429.958335161209
2025-01-02,Greed,1008.5189456939697
2025-01-02,Greed,739.1842089891434
2025-01-02,Greed,45.08698605187237
2025-01-02,Greed,0
2025-01-03,Greed,250.58147925138474
2025-01-03,Greed,0
2025-01-03,Greed,846.6558118313551
2025-01-03,Greed,3084.2877383977175
2025-01-03,Greed,0
2025-01-03,Greed,937.7896030545235
2025-01-03,Greed,909.172148425132
2025-01-03,Greed,0
2025-01-03,Greed,0
2025-01-04,Greed,232.66549752652645
2025-01-04,Greed,73.45167517662048
2025-01-04,Greed,0
2025-01-04,Greed,0
2025-01-04,Greed,0
2025-01-04,Greed,0
2025-01-04,Greed,30.818078994750977
2025-01-04,Greed,556.8031311035156
2025-01-04,Greed,1659.7995162010193
2025-01-05,Greed,87.75218076258898
2025-01-05,Greed,8.594752192497253
2025-01-05,Greed,890.3315582275391
2025-01-05,Greed,0
2025-01-05,Greed,1093.0567702054977
2025-01-05,Greed,0
2025-01-05,Greed,151.4295852780342
2025-01-05,Greed,956.5545115470886
2025-01-08,Greed,651.4693515116815
2025-01-08,Greed,0
2025-01-08,Greed,1377.9895826131105
2025-01-08,Greed,0
2025-01-08,Greed,0
2025-01-08,Greed,122050.8665356636
2025-01-08,Greed,3710.3617712259293
2025-01-08,Greed,0
2025-01-08,Greed,1303.1277635181323
2025-01-08,Greed,0
2025-01-08,Greed,1023.2751042842865
2025-01-09,Greed,571.6889423131943
2025-01-09,Greed,279.5879304651171
2025-01-09,Greed,35352.95351409912
2025-01-09,Greed,10647.9765625
2025-01-09,Greed,0
2025-01-09,Greed,0
2025-01-09,Greed,123.72129641100764
2025-01-11,Greed,157.22823211550713
2025-01-11,Greed,-2.4548439607024193
2025-01-11,Greed,71.39075970649719
2025-01-11,Greed,1559.8415279388428
2025-01-11,Greed,0
2025-01-11,Greed,417.6471745967865
2025-01-11,Greed,65.42769241333008
2025-01-12,Greed,274.7730317097157
2025-01-12,Greed,3699.757268190384
2025-01-12,Greed,103.67729783058167
2025-01-12,Greed,927.4126845374703
2025-01-12,Greed,736.6215143874288
2025-01-12,Greed,0
2025-01-12,Greed,0
2025-01-13,Greed,0
2025-01-13,Greed,53.846608977764845
2025-01-13,Greed,0
2025-01-13,Greed,218.4293938279152
2025-01-13,Greed,0
2025-01-13,Greed,1756.982027977705
2025-01-13,Greed,0
2025-01-13,Greed,3944.7294417619705
2025-01-13,Greed,1621.2788848876953
2025-01-13,Greed,2060.162966489792
2025-01-13,Greed,0
2025-01-14,Greed,894.5648317039013
2025-01-14,Greed,0
2025-01-14,Greed,992.8030145168304
2025-01-14,Greed,1878.804645895958
2025-01-14,Greed,104.68063735961914
2025-01-14,Greed,82.03211855888367
2025-01-14,Greed,7013.428651332855
2025-01-14,Greed,0
2025-01-14,Greed,5103.198501586914
2025-01-15,Greed,55.137802481651306
2025-01-15,Greed,-18.998214848339558
2025-01-15,Greed,0
2025-01-15,Greed,361.1558553799987
2025-01-15,Greed,7470.003138061613
2025-01-15,Greed,1261.447998046875
2025-01-15,Greed,240.93138072639704
2025-01-15,Greed,0
2025-01-15,Greed,5383.278579711914
2025-01-15,Greed,0
2025-01-15,Greed,66.63180160522461
2025-01-26,Greed,273.21111790731084
2025-01-26,Greed,535.9386441707611
2025-01-26,Greed,262.9499955177307
2025-01-26,Greed,0
2025-01-26,Greed,38294.6934261322
2025-01-26,Greed,444.46480441093445
2025-01-26,Greed,1012.2086067199707
2025-01-27,Greed,0
2025-01-27,Greed,838.9307061141226
2025-01-27,Greed,1295.825625821948
2025-01-27,Greed,0
2025-01-27,Greed,0
2025-01-27,Greed,0
2025-01-27,Greed,2582.7158837765455
2025-01-27,Greed,0
2025-01-27,Greed,0
2025-01-27,Greed,4321.583114624023
2025-01-27,Greed,0
2025-01-27,Greed,12084.434167385101
2025-01-27,Greed,0
2025-01-27,Greed,20428.82378578186
2025-01-27,Greed,-220.54820086061954
2025-01-28,Greed,6899.2458028793335
2025-01-28,Greed,1019.5576805325109
2025-01-28,Greed,475.7026433441788
2025-01-28,Greed,1474.7899837493896
2025-01-28,Greed,1150.3328240215778
2025-01-28,Greed,0
2025-01-28,Greed,0
2025-01-28,Greed,6959.984990566969
2025-01-29,Greed,0
2025-01-29,Greed,152.61880471324548
2025-01-29,Greed,41.93505239486694
2025-01-29,Greed,45.38108201883733
2025-01-29,Greed,0
2025-01-29,Greed,0
2025-01-29,Greed,21987.812604475766
2025-01-29,Greed,0
2025-01-29,Greed,1193.263948738575
2025-01-30,Greed,7372.485062241554
2025-01-30,Greed,1234.2071886991616
2025-01-30,Greed,159.2016100883484
2025-01-30,Greed,783.8293242454529
2025-01-30,Greed,3278.84770283103
2025-01-30,Greed,1643.6022987365723
2025-01-30,Greed,5049.257348135114
2025-01-30,Greed,0
2025-01-30,Greed,0
2025-01-30,Greed,2503.8204884529114
2025-01-30,Greed,1072.2203639298677
2025-02-01,Greed,1162.0025368630886
2025-02-01,Greed,3.536669125314802
2025-02-01,Greed,88.50699489377439
2025-02-01,Greed,526.4482138752937
2025-02-01,Greed,0
2025-02-01,Greed,0
2025-02-01,Greed,9609.447322138702
2025-02-01,Greed,0
2025-02-01,Greed,1579.9097580611706
2025-02-01,Greed,923.4874449074268
2025-02-01,Greed,15452.344116210938
2025-02-01,Greed,2954.521701656282
2025-02-02,Greed,76709.99967193604
2025-02-02,Greed,6352.452594421804
2025-02-02,Greed,-1416.9065163135529
2025-02-02,Greed,-782.6516771316528
2025-02-02,Greed,0
2025-02-02,Greed,0
2025-02-02,Greed,0
2025-02-02,Greed,0
2025-02-02,Greed,1023.9347125291824
2025-02-02,Greed,12245.904985904694
2025-02-02,Greed,0
2025-02-02,Greed,69051.70544147491
2025-02-02,Greed,-329.6806637500413
2025-02-03,Fear,101011.68374562636
2025-02-03,Fear,439.6340458393097
2025-02-03,Fear,2440.916529224254
2025-02-03,Fear,14982.68181521818
2025-02-03,Fear,13770.715292453766
2025-02-03,Fear,0
2025-02-03,Fear,1474.6075860336423
2025-02-03,Fear,2161.6750276582316
2025-02-03,Fear,20.596691131591797
2025-02-03,Fear,46742.28911304474
2025-02-03,Fear,160022.95078659058
2025-02-03,Fear,5803.573978637345
2025-02-04,Greed,375620.2720580101
2025-02-04,Greed,1291.5005733966827
2025-02-04,Greed,874.381065286696
2025-02-04,Greed,6403.506160736084
2025-02-04,Greed,0
2025-02-04,Greed,1985.815597742796
2025-02-04,Greed,0
2025-02-04,Greed,9167.621018707752
2025-02-04,Greed,0
2025-02-04,Greed,4624.583808754571
2025-02-04,Greed,16102.444682195783
2025-02-04,Greed,0
2025-02-04,Greed,806.7651429325342
2025-02-07,Fear,932.4458235800266
2025-02-07,Fear,-1145.924407551065
2025-02-07,Fear,5615.052064418793
2025-02-07,Fear,126.11297726631165
2025-02-07,Fear,3691.308868408203
2025-02-07,Fear,0
2025-02-07,Fear,2648.4508233482775
2025-02-07,Fear,0
2025-02-07,Fear,0
2025-02-07,Fear,0
2025-02-07,Fear,6119.377733208705
2025-02-07,Fear,1831.95297062397
2025-02-07,Fear,2631.225165694952
2025-02-08,Fear,0
2025-02-08,Fear,0
2025-02-08,Fear,78.90249252319336
2025-02-08,Fear,0
2025-02-08,Fear,235.47103881835938
2025-02-08,Fear,0
2025-02-08,Fear,131.75327157974243
2025-02-08,Fear,0
2025-02-08,Fear,330.03988273534924
2025-02-08,Fear,-189.46343521773815
2025-02-10,Fear,55086.00012373924
2025-02-10,Fear,436.83381631970406
2025-02-10,Fear,4.427220106124878
2025-02-10,Fear,2069.558340225718
2025-02-10,Fear,0
2025-02-10,Fear,990.6744716993489
2025-02-10,Fear,24.634516298770905
2025-02-10,Fear,0
2025-02-10,Fear,131.17445755004883
2025-02-10,Fear,1338.3984471047297
2025-02-10,Fear,30.78514337539673
2025-02-10,Fear,0
2025-02-10,Fear,0
2025-02-10,Fear,3796.008198350668
2025-02-19,Fear,20.62415026128292
2025-02-19,Fear,89.26119804382324
2025-02-19,Fear,3512.2119296491146
2025-02-19,Fear,770.4622618854046
2025-02-19,Fear,0
2025-02-19,Fear,0
2025-02-19,Fear,1280.6095570144244
2025-02-19,Fear,3350.2187421917915
2025-02-19,Fear,31.42038106918335
2025-02-19,Fear,5930.986455292441
2025-02-21,Greed,591.6595342457294
2025-02-21,Greed,8502.805890083313
2025-02-21,Greed,-350.6326904296875
2025-02-21,Greed,82117.04317569733
2025-02-21,Greed,165.7766460776329
2025-02-21,Greed,5993.5753173828125
2025-02-21,Greed,0
2025-02-21,Greed,2720.8280331492424
2025-02-21,Greed,0
2025-02-21,Greed,8995.133703231812
2025-02-21,Greed,3417.7133976059267
2025-02-21,Greed,3056.4491679668427
2025-02-21,Greed,0
2025-02-21,Greed,4483.141309246421
2025-02-25,Fear,115445.39447301626
2025-02-25,Fear,-6820.76953125
2025-02-25,Fear,168.2705307006836
2025-02-25,Fear,169.61762638390064
2025-02-25,Fear,3455.584877642803
2025-02-25,Fear,11271.895131349564
2025-02-25,Fear,0
2025-02-25,Fear,81776.71451067924
2025-02-25,Fear,3622.6255780160427
2025-02-25,Fear,8698.883865118027
2025-02-25,Fear,0
2025-02-25,Fear,0
2025-02-25,Fear,0
2025-02-25,Fear,826.5483733501751
2025-02-25,Fear,0
2025-02-25,Fear,5672.328478555377
2025-02-25,Fear,3859.439992904663
2025-02-25,Fear,-23384.35845882469
2025-03-02,Fear,8330.217383950949
2025-03-02,Fear,349.12092208862305
2025-03-02,Fear,11005.991528987885
2025-03-02,Fear,10915.211824417114
2025-03-02,Fear,948.6016609296203
2025-03-02,Fear,0
2025-03-02,Fear,625.5122097227722
2025-03-02,Fear,34795.67800872773
2025-03-02,Fear,-2632.6586112976074
2025-03-02,Fear,2576.64531481266
2025-03-03,Fear,533974.6622309685
2025-03-03,Fear,2480.902373328805
2025-03-03,Fear,494.6693471670151
2025-03-03,Fear,376.01712799072266
2025-03-03,Fear,0
2025-03-03,Fear,1136.272255897522
2025-03-03,Fear,17247.427760362625
2025-03-03,Fear,-370.25006061047316
2025-03-03,Fear,0
2025-03-03,Fear,468.35197902470827
2025-03-03,Fear,60.171373272896744
2025-03-03,Fear,535.4072350682691
2025-03-03,Fear,57561.352942937985
2025-03-03,Fear,2448.046531677246
2025-03-06,Fear,291.46926033496857
2025-03-06,Fear,279.1520316004753
2025-03-06,Fear,600.0089219994843
2025-03-06,Fear,102.9265193939209
2025-03-06,Fear,5109.859565734863
2025-03-06,Fear,3069.1962747573853
2025-03-06,Fear,0
2025-03-06,Fear,698.0369719564915
2025-03-06,Fear,5348.989537656307
2025-03-06,Fear,0
2025-03-06,Fear,0
2025-03-06,Fear,601.4865790754557
2025-03-07,Fear,0
2025-03-07,Fear,411.8242771625519
2025-03-07,Fear,1.1753300428390503
2025-03-07,Fear,781.6705589294434
2025-03-07,Fear,0
2025-03-07,Fear,3273.539490967989
2025-03-07,Fear,0
2025-03-07,Fear,0
2025-03-07,Fear,9.266712188720703
2025-03-07,Fear,0
2025-03-07,Fear,5348.627139061864
2025-03-07,Fear,87405.92688863538
2025-03-07,Fear,43861.9665915966
2025-03-07,Fear,9142.064780292101
2025-03-08,Fear,2099.019675642252
2025-03-08,Fear,173.81113475102757
2025-03-08,Fear,11894.061809539795
2025-03-08,Fear,119.36109912395477
2025-03-08,Fear,0
2025-03-08,Fear,0
2025-03-08,Fear,0
2025-03-08,Fear,556.4805402755737
2025-03-08,Fear,0
2025-03-08,Fear,-1121.6509399414062
2025-03-08,Fear,2923.55329336226
2025-03-08,Fear,5836.874318122864
2025-03-08,Fear,2219.2624175846577
2025-03-09,Fear,656.5407371968031
2025-03-09,Fear,140.95349764823914
2025-03-09,Fear,0
2025-03-09,Fear,0
2025-03-09,Fear,0
2025-03-09,Fear,0
2025-03-09,Fear,3677.4965057373047
2025-03-09,Fear,969.5679262280464
2025-03-09,Fear,2752.4807678349316
2025-03-09,Fear,10760.578309550881
2025-03-09,Fear,10.184487852267921
2025-03-09,Fear,805.6551033705473
2025-03-12,Fear,1591.7532753050327
2025-03-12,Fear,33.01095031108707
2025-03-12,Fear,0
2025-03-12,Fear,78.71444320678711
2025-03-12,Fear,0
2025-03-12,Fear,788.2095413804054
2025-03-12,Fear,-2493.849609375
2025-03-12,Fear,0
2025-03-12,Fear,1215.1561025083065
2025-03-12,Fear,4544.583998456597
2025-03-12,Fear,289639.08853482455
2025-03-12,Fear,-15387.621003329754
2025-03-12,Fear,8096.937708466197
2025-03-14,Fear,0
2025-03-14,Fear,16017.255764007568
2025-03-14,Fear,11039.38442993164
2025-03-14,Fear,584.0517578125
2025-03-14,Fear,364.03788566589355
2025-03-14,Fear,0
2025-03-14,Fear,22911.09385472536
2025-03-14,Fear,1188.7418709732592
2025-03-14,Fear,16591.266819172364
2025-03-14,Fear,-49.67227767407894
2025-03-16,Fear,106.91288689798967
2025-03-16,Fear,-6.342484802007675
2025-03-16,Fear,144.9930877685547
2025-03-16,Fear,941.3250732421875
2025-03-16,Fear,8368.226177215576
2025-03-16,Fear,-1017.4241928011179
2025-03-16,Fear,-16453.70309788175
2025-03-16,Fear,5.068946570158005
2025-03-17,Fear,0
2025-03-17,Fear,17926.355860829353
2025-03-17,Fear,-31.277088165283203
2025-03-17,Fear,2220.589505329728
2025-03-17,Fear,0
2025-03-17,Fear,5845.632648438215
2025-03-17,Fear,0
2025-03-17,Fear,-1646.3528950810432
2025-03-17,Fear,646.3464964032173
2025-03-17,Fear,812.5256500160322
2025-03-17,Fear,390.0864168033004
2025-03-18,Fear,40.916499614715576
2025-03-18,Fear,238.3142009563744
2025-03-18,Fear,63015.977069854736
2025-03-18,Fear,362.47772216796875
2025-03-18,Fear,5429.874389305711
2025-03-18,Fear,82.26953125
2025-03-18,Fear,0
2025-03-18,Fear,185.30718743801117
2025-03-18,Fear,0
2025-03-18,Fear,0
2025-03-18,Fear,1157.2134323120117
2025-03-18,Fear,-120.43199920654297
2025-03-18,Fear,1930.871522784233
2025-03-19,Fear,54.97179975733161
2025-03-19,Fear,909.9073638916016
2025-03-19,Fear,0
2025-03-19,Fear,-2.8135686814785004
2025-03-19,Fear,1438.7176386751235
2025-03-19,Fear,13272.411275146063
2025-03-19,Fear,106.88619032502174
2025-03-19,Fear,3036.688900947571
2025-03-19,Fear,0
2025-03-19,Fear,5304.480072364211
2025-03-19,Fear,0
2025-03-19,Fear,5253.432777652517
2025-03-21,Fear,0.5843999981880188
2025-03-21,Fear,1215.7744137048721
2025-03-21,Fear,0
2025-03-21,Fear,39.12470054626465
2025-03-21,Fear,0
2025-03-21,Fear,0
2025-03-21,Fear,0
2025-03-21,Fear,829.6301300525665
2025-03-21,Fear,4866.156693849713
2025-03-22,Fear,132.08793331682682
2025-03-22,Fear,-1184.0461597442627
2025-03-22,Fear,4350.379301726818
2025-03-22,Fear,58.00763561553322
2025-03-22,Fear,4462.921845912933
2025-03-22,Fear,3082.76167678833
2025-03-22,Fear,-41.4091796875
2025-03-22,Fear,1637.8322834670544
2025-03-23,Fear,79.086899779737
2025-03-23,Fear,514.5145621299744
2025-03-23,Fear,4988.7494546175
2025-03-23,Fear,0
2025-03-23,Fear,2897.1489634513855
2025-03-23,Fear,134.82844143360853
2025-03-23,Fear,3464.7772216796875
2025-03-23,Fear,178.2477707862854
2025-03-23,Fear,907.219395622611
2025-03-23,Fear,882.8489829301834
2025-03-27,Fear,-133.0359764099121
2025-03-27,Fear,6504.316746175289
2025-03-27,Fear,4329.319746285677
2025-03-27,Fear,0
2025-03-27,Fear,154.25709322094917
2025-03-27,Fear,26714.79736804962
2025-03-27,Fear,195.60776899755
2025-03-27,Fear,893.9999902844429
2025-03-27,Fear,18422.612929940224
2025-03-27,Fear,0
2025-03-27,Fear,1743.4832119853236
2025-03-28,Fear,0
2025-03-28,Fear,-21.766131162643433
2025-03-28,Fear,0
2025-03-28,Fear,1470.407804146409
2025-03-28,Fear,0
2025-03-28,Fear,1130.350393295288
2025-03-28,Fear,13956.614910125732
2025-03-28,Fear,1617.7703839540482
2025-03-28,Fear,1342.0000076293945
2025-03-28,Fear,0
2025-03-28,Fear,1841.8021178245544
2025-03-29,Fear,-5018.466428041458
2025-03-29,Fear,28.499012649059296
2025-03-29,Fear,314.67280250787735
2025-03-29,Fear,0
2025-03-29,Fear,0
2025-03-29,Fear,133.12394759058952
2025-03-29,Fear,19573.830200195312
2025-03-29,Fear,7.574160158634186
2025-03-29,Fear,720.7496979496209
2025-03-29,Fear,-3661.1104258503765
2025-03-30,Fear,-743.2887424528599
2025-03-30,Fear,0
2025-03-30,Fear,5362.529338359833
2025-03-30,Fear,3.4925339221954346
2025-03-30,Fear,9683.820076942444
2025-03-30,Fear,267.1340389251709
2025-03-30,Fear,685.2771333362907
2025-03-30,Fear,0
2025-03-30,Fear,536.1507682800293
2025-03-31,Fear,716.1439442634583
2025-03-31,Fear,3.5652167201042175
2025-03-31,Fear,798.1875534057617
2025-03-31,Fear,4750.8109698444605
2025-03-31,Fear,2112.5275846272707
2025-03-31,Fear,0
2025-03-31,Fear,1239.240431934595
2025-03-31,Fear,5544.028594970703
2025-03-31,Fear,92.90272521972656
2025-03-31,Fear,0
2025-03-31,Fear,-8320.500198364258
2025-03-31,Fear,41.27746170759201
2025-04-01,Fear,768.3518844526261
2025-04-01,Fear,1334.4148559570312
2025-04-01,Fear,-680.2874575257301
2025-04-01,Fear,1402.0825078487396
2025-04-01,Fear,0
2025-04-01,Fear,132.71954345703125
2025-04-01,Fear,4004.5028182268143
2025-04-01,Fear,-9311.892097473145
2025-04-01,Fear,147.44578897953033
2025-04-02,Fear,669.381365686655
2025-04-02,Fear,1.1031580045819283
2025-04-02,Fear,93.00646686553955
2025-04-02,Fear,444.2051873728633
2025-04-02,Fear,0
2025-04-02,Fear,234.49775236845016
2025-04-02,Fear,90.98474125564098
2025-04-02,Fear,8045.056869506836
2025-04-02,Fear,188114.9809308052
2025-04-02,Fear,2676.6849140524864
2025-04-02,Fear,1842.839932992356
2025-04-03,Fear,0
2025-04-03,Fear,149.5123454257846
2025-04-03,Fear,160.1278142631054
2025-04-03,Fear,0
2025-04-03,Fear,7.0520339012146
2025-04-03,Fear,0
2025-04-03,Fear,0
2025-04-03,Fear,0
2025-04-03,Fear,298.0313615947962
2025-04-03,Fear,0
2025-04-03,Fear,0
2025-04-03,Fear,2020
2025-04-03,Fear,0
2025-04-03,Fear,361.07147002220154
2025-04-03,Fear,3869.2088134108126
2025-04-03,Fear,-5862.088885784149
2025-04-03,Fear,-3368.876286855899
2025-04-04,Fear,498.7352828970179
2025-04-04,Fear,266.3977401778102
2025-04-04,Fear,0
2025-04-04,Fear,0
2025-04-04,Fear,0
2025-04-04,Fear,4591.427099868655
2025-04-04,Fear,392.3548889160156
2025-04-04,Fear,4805.345680236816
2025-04-04,Fear,586.6233665943146
2025-04-04,Fear,2242.0866582393646
2025-04-04,Fear,0
